[{"show":"'主角：「但是要用什麼東西砸他？」'"},{"while":"true","then":[{"select":{"title":"\"\"","option":[{"text":"'書包'","then":[{"show":"'主角：「用書包！」'"},{"show":"'主角：「...」'"},{"show":"'主角：「不行啊！」'"},{"show":"'主角：「裡面有我的寶貝遊戲機！」'"},{"show":"'主角：「我不想傷害到他！」'"},{"show":"'主角：「...」'"}]},{"text":"'自己'","then":[{"show":"'主角：「好！」'"},{"show":"'主角：「我自己當人肉砲彈！把他撞走！」'"},{"show":"'主角：「...」'"},{"show":"'主角：「不對啊，那這樣跟近戰有甚麼兩樣？」'"},{"show":"'主角：「而且我那麼瘦，怎麼可能撞得動他...」'"},{"show":"'主角的體重：' + SC.肥宅重 +'公斤'"}]},{"text":"'錢'","then":[{"break":""}]}]}}]},{"show":"'主角：「看起來能丟出去的只剩下錢了...」'"},{"if":"(SC.momey == 0)","then":[{"goto":"end1"}]},{"show":"'主角：「但是要直接丟錢嗎？」'"},{"select":{"title":"\"\"","option":[{"text":"'直接丟！'","then":[{"goto":"end2"}]},{"text":"'買個東西來丟好了'","then":[{"goto":"happyend"}]}]}}]