[
	{
		"show": "'主角翻了翻自己的錢包、口袋、書包'"
	},
	{
		"show": "'主角：「靠！」'"
	},
	{
		"show": "'主角：「我身上半毛錢都沒有！」'"
	},
	{
		"show": "'主角：「哭啊！」'"
	},
	{
		"show": "'主角：「靠！」'"
	},
	{
		"show": "'主角：「...」'"
	},
	{
		"show": "'此時'"
	},
	{
		"show": "'一位身材瘦高，樣貌英俊的男子，上前與騷擾男子搭話'"
	},
	{
		"show": "'英俊男子：「不好意思，可以請你住手嗎？那位小姐看起來很困擾」'"
	},
	{
		"show": "'男子：「你誰啊？關你什麼事？小心我揍你喔？」'"
	},
	{
		"show": "'英俊男子「...」'"
	},
	{
		"show": "'主角：「那又是誰啊？長那麼帥，不過還差我一點」'"
	},
	{
		"show": "'並沒有'"
	},
	{
		"sleep": "3"
	},
	{
		"show": "'接著，英俊男子與騷擾男交手了幾拳後...'"
	},
	{
		"show": "'男子：「你...你他媽給我記住！」'"
	},
	{
		"show": "'落下話後，騷擾男子狼狽地跑掉了'"
	},
	{
		"show": "'英俊男子：「小姐，你沒事吧？」'"
	},
	{
		"show": "'小美：「沒有，謝謝你的幫助！」'"
	},
	{
		"show": "'小美：「那個...我叫小美」'"
	},
	{
		"show": "'小美：「前面有家不錯的咖啡廳，如果不介意的話，我小好好答謝你」'"
	},
	{
		"show": "'小美與英俊男子有說有笑的走掉了'"
	},
	{
		"show": "'主角：「哭啊～QAQ」'"
	},
	{
		"show": "'主角就一臉落寞地走回家了...'"
	},
	{
		"show": "'END'"
	}
]